[
  {
    "Provider ID": "010001",
    "hospitalName": "SOUTHEAST ALABAMA MEDICAL CENTER",
    "Address": "1108 ROSS CLARK CIRCLE",
    "City": "DOTHAN",
    "State": "Alabama",
    "ZIP Code": 36301,
    "County name": "HOUSTON",
    "Phone number": 3347938701,
    "procedure": "heart attack",
    "Payment measure ID": "PAYM_30_AMI",
    "Payment category": "No Different than the National Average Payment",
    "Denominator": 715,
    "Payment": "$23,394",
    "Lower estimate": "$22,216",
    "Higher estimate": "$24,641",
    "Payment footnote": "",
    "Value of care display name": "Value of Care Heart Attack measure",
    "Value of care display ID": "MORT_PAYM_30_AMI",
    "Value of care category": "Average mortality and average payment",
    "Value of care footnote": "",
    "Measure start date": "07/01/2014",
    "Measure end date": "06/30/2017"
  },
  {
    "Provider ID": "010001",
    "hospitalName": "SOUTHEAST ALABAMA MEDICAL CENTER",
    "Address": "1108 ROSS CLARK CIRCLE",
    "City": "DOTHAN",
    "State": "Alaska",
    "ZIP Code": 36301,
    "County name": "HOUSTON",
    "Phone number": 3347938701,
    "procedure": "heart failure",
    "Payment measure ID": "PAYM_30_HF",
    "Payment category": "No Different than the National Average Payment",
    "Denominator": 813,
    "Payment": "$17,041",
    "Lower estimate": "$16,268",
    "Higher estimate": "$17,849",
    "Payment footnote": "",
    "Value of care display name": "Value of Care Heart Failure measur",
    "Value of care display ID": "MORT_PAYM_30_HF",
    "Value of care category": "Average mortality and average payment",
    "Value of care footnote": "",
    "Measure start date": "07/01/2014",
    "Measure end date": "06/30/2017"
  },
  {
    "Provider ID": "010001",
    "hospitalName": "SOUTHEAST ALABAMA MEDICAL CENTER",
    "Address": "1108 ROSS CLARK CIRCLE",
    "City": "DOTHAN",
    "State": "Arizona",
    "ZIP Code": 36301,
    "County name": "HOUSTON",
    "Phone number": 3347938701,
    "procedure": "pneumonia",
    "Payment measure ID": "PAYM_30_PN",
    "Payment category": "No Different than the National Average Payment",
    "Denominator": 534,
    "Payment": "$18,281",
    "Lower estimate": "$17,354",
    "Higher estimate": "$19,236",
    "Payment footnote": "",
    "Value of care display name": "Value of Care Pneumonia measure",
    "Value of care display ID": "MORT_PAYM_30_PN",
    "Value of care category": "Average mortality and average payment",
    "Value of care footnote": "",
    "Measure start date": "07/01/2014",
    "Measure end date": "06/30/2017"
  },
  {
    "Provider ID": "010001",
    "hospitalName": "SOUTHEAST ALABAMA MEDICAL CENTER",
    "Address": "1108 ROSS CLARK CIRCLE",
    "City": "DOTHAN",
    "State": "Arkansas",
    "ZIP Code": 36301,
    "County name": "HOUSTON",
    "Phone number": 3347938701,
    "procedure": "hip or knee replacement",
    "Payment measure ID": "PAYM_90_HIP_KNEE",
    "Payment category": "Greater than the National Average Payment",
    "Denominator": 310,
    "Payment": "$25,812",
    "Lower estimate": "$24,704",
    "Higher estimate": "$26,982",
    "Payment footnote": "",
    "Value of care display name": "Value of Care hip or knee replacement",
    "Value of care display ID": "COMP_PAYM_90_HIP_KNEE",
    "Value of care category": "Average complications and higher payment",
    "Value of care footnote": "",
    "Measure start date": "04/01/2014",
    "Measure end date": "03/31/2017"
  },
  {
    "Provider ID": "010005",
    "hospitalName": "MARSHALL MEDICAL CENTER SOUTH",
    "Address": "2505 U S HIGHWAY 431 NORTH",
    "City": "BOAZ",
    "State": "California",
    "ZIP Code": 35957,
    "County name": "MARSHALL",
    "Phone number": 2565938310,
    "procedure": "heart attack",
    "Payment measure ID": "PAYM_30_AMI",
    "Payment category": "No Different than the National Average Payment",
    "Denominator": 69,
    "Payment": "$22,579",
    "Lower estimate": "$20,153",
    "Higher estimate": "$25,443",
    "Payment footnote": "",
    "Value of care display name": "Value of Care Heart Attack measure",
    "Value of care display ID": "MORT_PAYM_30_AMI",
    "Value of care category": "Average mortality and average payment",
    "Value of care footnote": "",
    "Measure start date": "07/01/2014",
    "Measure end date": "06/30/2017"
  },
  {
    "Provider ID": "010005",
    "hospitalName": "MARSHALL MEDICAL CENTER SOUTH",
    "Address": "2505 U S HIGHWAY 431 NORTH",
    "City": "BOAZ",
    "State": "Colorado",
    "ZIP Code": 35957,
    "County name": "MARSHALL",
    "Phone number": 2565938310,
    "procedure": "heart failure",
    "Payment measure ID": "PAYM_30_HF",
    "Payment category": "No Different than the National Average Payment",
    "Denominator": 308,
    "Payment": "$15,819",
    "Lower estimate": "$14,717",
    "Higher estimate": "$17,017",
    "Payment footnote": "",
    "Value of care display name": "Value of Care Heart Failure measur",
    "Value of care display ID": "MORT_PAYM_30_HF",
    "Value of care category": "Worse mortality and average payment",
    "Value of care footnote": "",
    "Measure start date": "07/01/2014",
    "Measure end date": "06/30/2017"
  },
  {
    "Provider ID": "010005",
    "hospitalName": "MARSHALL MEDICAL CENTER SOUTH",
    "Address": "2505 U S HIGHWAY 431 NORTH",
    "City": "BOAZ",
    "State": "Connecticut",
    "ZIP Code": 35957,
    "County name": "MARSHALL",
    "Phone number": 2565938310,
    "procedure": "pneumonia",
    "Payment measure ID": "PAYM_30_PN",
    "Payment category": "Less than the National Average Payment",
    "Denominator": 736,
    "Payment": "$15,614",
    "Lower estimate": "$14,905",
    "Higher estimate": "$16,311",
    "Payment footnote": "",
    "Value of care display name": "Value of Care Pneumonia measure",
    "Value of care display ID": "MORT_PAYM_30_PN",
    "Value of care category": "Worse mortality and lower payment",
    "Value of care footnote": "",
    "Measure start date": "07/01/2014",
    "Measure end date": "06/30/2017"
  },
  {
    "Provider ID": "010005",
    "hospitalName": "MARSHALL MEDICAL CENTER SOUTH",
    "Address": "2505 U S HIGHWAY 431 NORTH",
    "City": "BOAZ",
    "State": "Delaware",
    "ZIP Code": 35957,
    "County name": "MARSHALL",
    "Phone number": 2565938310,
    "procedure": "hip or knee replacement",
    "Payment measure ID": "PAYM_90_HIP_KNEE",
    "Payment category": "No Different than the National Average Payment",
    "Denominator": 264,
    "Payment": "$22,747",
    "Lower estimate": "$21,745",
    "Higher estimate": "$23,808",
    "Payment footnote": "",
    "Value of care display name": "Value of Care hip or knee replacement",
    "Value of care display ID": "COMP_PAYM_90_HIP_KNEE",
    "Value of care category": "Average complications and average payment",
    "Value of care footnote": "",
    "Measure start date": "04/01/2014",
    "Measure end date": "03/31/2017"
  },
  {
    "Provider ID": "010006",
    "hospitalName": "ELIZA COFFEE MEMORIAL HOSPITAL",
    "Address": "205 MARENGO STREET",
    "City": "FLORENCE",
    "State": "Florida",
    "ZIP Code": 35631,
    "County name": "LAUDERDALE",
    "Phone number": 2567688400,
    "procedure": "heart attack",
    "Payment measure ID": "PAYM_30_AMI",
    "Payment category": "No Different than the National Average Payment",
    "Denominator": 391,
    "Payment": "$24,002",
    "Lower estimate": "$22,451",
    "Higher estimate": "$25,626",
    "Payment footnote": "",
    "Value of care display name": "Value of Care Heart Attack measure",
    "Value of care display ID": "MORT_PAYM_30_AMI",
    "Value of care category": "Average mortality and average payment",
    "Value of care footnote": "",
    "Measure start date": "07/01/2014",
    "Measure end date": "06/30/2017"
  },
  {
    "Provider ID": "010006",
    "hospitalName": "ELIZA COFFEE MEMORIAL HOSPITAL",
    "Address": "205 MARENGO STREET",
    "City": "FLORENCE",
    "State": "Georgia",
    "ZIP Code": 35631,
    "County name": "LAUDERDALE",
    "Phone number": 2567688400,
    "procedure": "heart failure",
    "Payment measure ID": "PAYM_30_HF",
    "Payment category": "No Different than the National Average Payment",
    "Denominator": 672,
    "Payment": "$16,334",
    "Lower estimate": "$15,581",
    "Higher estimate": "$17,164",
    "Payment footnote": "",
    "Value of care display name": "Value of Care Heart Failure measur",
    "Value of care display ID": "MORT_PAYM_30_HF",
    "Value of care category": "Average mortality and average payment",
    "Value of care footnote": "",
    "Measure start date": "07/01/2014",
    "Measure end date": "06/30/2017"
  },
  {
    "Provider ID": "010006",
    "hospitalName": "ELIZA COFFEE MEMORIAL HOSPITAL",
    "Address": "205 MARENGO STREET",
    "City": "FLORENCE",
    "State": "Hawaii",
    "ZIP Code": 35631,
    "County name": "LAUDERDALE",
    "Phone number": 2567688400,
    "procedure": "pneumonia",
    "Payment measure ID": "PAYM_30_PN",
    "Payment category": "No Different than the National Average Payment",
    "Denominator": 800,
    "Payment": "$17,371",
    "Lower estimate": "$16,627",
    "Higher estimate": "$18,098",
    "Payment footnote": "",
    "Value of care display name": "Value of Care Pneumonia measure",
    "Value of care display ID": "MORT_PAYM_30_PN",
    "Value of care category": "Average mortality and average payment",
    "Value of care footnote": "",
    "Measure start date": "07/01/2014",
    "Measure end date": "06/30/2017"
  },
  {
    "Provider ID": "010006",
    "hospitalName": "ELIZA COFFEE MEMORIAL HOSPITAL",
    "Address": "205 MARENGO STREET",
    "City": "FLORENCE",
    "State": "Idaho",
    "ZIP Code": 35631,
    "County name": "LAUDERDALE",
    "Phone number": 2567688400,
    "procedure": "hip or knee replacement",
    "Payment measure ID": "PAYM_90_HIP_KNEE",
    "Payment category": "Greater than the National Average Payment",
    "Denominator": 419,
    "Payment": "$24,491",
    "Lower estimate": "$23,611",
    "Higher estimate": "$25,395",
    "Payment footnote": "",
    "Value of care display name": "Value of Care hip or knee replacement",
    "Value of care display ID": "COMP_PAYM_90_HIP_KNEE",
    "Value of care category": "Average complications and higher payment",
    "Value of care footnote": "",
    "Measure start date": "04/01/2014",
    "Measure end date": "03/31/2017"
  },
  {
    "Provider ID": "010007",
    "hospitalName": "MIZELL MEMORIAL HOSPITAL",
    "Address": "702 N MAIN ST",
    "City": "OPP",
    "State": "Illinois",
    "ZIP Code": 36467,
    "County name": "COVINGTON",
    "Phone number": 3344933541,
    "procedure": "heart attack",
    "Payment measure ID": "PAYM_30_AMI",
    "Payment category": "Number of Cases Too Small",
    "Denominator": "Not Available",
    "Payment": "Not Available",
    "Lower estimate": "Not Available",
    "Higher estimate": "Not Available",
    "Payment footnote": "1 - The number of cases/patients is too few to report.",
    "Value of care display name": "Value of Care Heart Attack measure",
    "Value of care display ID": "MORT_PAYM_30_AMI",
    "Value of care category": "Not Available",
    "Value of care footnote": "13 - Results cannot be calculated for this reporting period.",
    "Measure start date": "07/01/2014",
    "Measure end date": "06/30/2017"
  },
  {
    "Provider ID": "010007",
    "hospitalName": "MIZELL MEMORIAL HOSPITAL",
    "Address": "702 N MAIN ST",
    "City": "OPP",
    "State": "Indiana",
    "ZIP Code": 36467,
    "County name": "COVINGTON",
    "Phone number": 3344933541,
    "procedure": "heart failure",
    "Payment measure ID": "PAYM_30_HF",
    "Payment category": "Less than the National Average Payment",
    "Denominator": 73,
    "Payment": "$14,541",
    "Lower estimate": "$12,718",
    "Higher estimate": "$16,427",
    "Payment footnote": "",
    "Value of care display name": "Value of Care Heart Failure measur",
    "Value of care display ID": "MORT_PAYM_30_HF",
    "Value of care category": "Average mortality and lower payment",
    "Value of care footnote": "",
    "Measure start date": "07/01/2014",
    "Measure end date": "06/30/2017"
  },
  {
    "Provider ID": "010007",
    "hospitalName": "MIZELL MEMORIAL HOSPITAL",
    "Address": "702 N MAIN ST",
    "City": "OPP",
    "State": "Iowa",
    "ZIP Code": 36467,
    "County name": "COVINGTON",
    "Phone number": 3344933541,
    "procedure": "pneumonia",
    "Payment measure ID": "PAYM_30_PN",
    "Payment category": "Less than the National Average Payment",
    "Denominator": 208,
    "Payment": "$15,226",
    "Lower estimate": "$13,881",
    "Higher estimate": "$16,486",
    "Payment footnote": "",
    "Value of care display name": "Value of Care Pneumonia measure",
    "Value of care display ID": "MORT_PAYM_30_PN",
    "Value of care category": "Worse mortality and lower payment",
    "Value of care footnote": "",
    "Measure start date": "07/01/2014",
    "Measure end date": "06/30/2017"
  },
  {
    "Provider ID": "010007",
    "hospitalName": "MIZELL MEMORIAL HOSPITAL",
    "Address": "702 N MAIN ST",
    "City": "OPP",
    "State": "Kansas",
    "ZIP Code": 36467,
    "County name": "COVINGTON",
    "Phone number": 3344933541,
    "procedure": "hip or knee replacement",
    "Payment measure ID": "PAYM_90_HIP_KNEE",
    "Payment category": "No Different than the National Average Payment",
    "Denominator": 31,
    "Payment": "$23,472",
    "Lower estimate": "$20,865",
    "Higher estimate": "$26,339",
    "Payment footnote": "",
    "Value of care display name": "Value of Care hip or knee replacement",
    "Value of care display ID": "COMP_PAYM_90_HIP_KNEE",
    "Value of care category": "Average complications and average payment",
    "Value of care footnote": "",
    "Measure start date": "04/01/2014",
    "Measure end date": "03/31/2017"
  },
    {
    "Provider ID": 670124,
    "hospitalName": "THE HOSPITALS OF PROVIDENCE HORIZON CITY CAMPUS",
    "Address": "13600 HORIZON STREET, SUITE 100",
    "City": "HORIZON CITY",
    "State": "Kentucky",
    "ZIP Code": 79928,
    "County name": "EL PASO",
    "Phone number": 9154077878,
    "procedure": "hip or knee replacement",
    "Payment measure ID": "PAYM_90_HIP_KNEE",
    "Payment category": "Not Available",
    "Denominator": "Not Available",
    "Payment": "Not Available",
    "Lower estimate": "Not Available",
    "Higher estimate": "Not Available",
    "Payment footnote": "5 - Results are not available for this reporting period.",
    "Value of care display name": "Value of Care hip or knee replacement",
    "Value of care display ID": "COMP_PAYM_90_HIP_KNEE",
    "Value of care category": "Not Available",
    "Value of care footnote": "5 - Results are not available for this reporting period.",
    "Measure start date": "04/01/2014",
    "Measure end date": "03/31/2017"
  },
  {
    "Provider ID": 180001,
    "hospitalName": "ST ELIZABETH FT THOMAS",
    "Address": "85 NORTH GRAND AVENUE",
    "City": "FORT THOMAS",
    "State": "Kentucky",
    "ZIP Code": 41075,
    "County name": "CAMPBELL",
    "Phone number": 8595723100,
    "procedure": "heart attack",
    "Payment measure ID": "PAYM_30_AMI",
    "Payment category": "No Different than the National Average Payment",
    "Denominator": 44,
    "Payment": "$22,276",
    "Lower estimate": "$19,488",
    "Higher estimate": "$25,405",
    "Payment footnote": "",
    "Value of care display name": "Value of Care Heart Attack measure",
    "Value of care display ID": "MORT_PAYM_30_AMI",
    "Value of care category": "Average mortality and average payment",
    "Value of care footnote": "",
    "Measure start date": "07/01/2014",
    "Measure end date": "06/30/2017"
  },
  {
    "Provider ID": 180012,
    "hospitalName": "HARDIN MEMORIAL HOSPITAL",
    "Address": "913 NORTH DIXIE AVENUE",
    "City": "ELIZABETHTOWN",
    "State": "Kentucky",
    "ZIP Code": 42701,
    "County name": "HARDIN",
    "Phone number": 2707371212,
    "procedure": "bone marrow transplant",
    "Payment measure ID": "PAYM_30_PN",
    "Payment category": "No Different than the National Average Payment",
    "Denominator": 919,
    "Payment": "$16,936",
    "Lower estimate": "$16,242",
    "Higher estimate": "$17,574",
    "Payment footnote": "",
    "Value of care display name": "Value of Care Pneumonia measure",
    "Value of care display ID": "MORT_PAYM_30_PN",
    "Value of care category": "Average mortality and average payment",
    "Value of care footnote": "",
    "Measure start date": "07/01/2014",
    "Measure end date": "06/30/2017"
  },
  {
    "Provider ID": 190027,
    "hospitalName": "CHRISTUS ST PATRICK HOSPITAL",
    "Address": "524 DR MICHAEL DEBAKEY STREET",
    "City": "LAKE CHARLES",
    "State": "Louisiana",
    "ZIP Code": 70601,
    "County name": "CALCASIEU",
    "Phone number": 3374362511,
    "procedure": "heart attack",
    "Payment measure ID": "PAYM_30_AMI",
    "Payment category": "No Different than the National Average Payment",
    "Denominator": 134,
    "Payment": "$23,977",
    "Lower estimate": "$21,791",
    "Higher estimate": "$26,565",
    "Payment footnote": "",
    "Value of care display name": "Value of Care Heart Attack measure",
    "Value of care display ID": "MORT_PAYM_30_AMI",
    "Value of care category": "Average mortality and average payment",
    "Value of care footnote": "",
    "Measure start date": "07/01/2014",
    "Measure end date": "06/30/2017"
  },
  {
    "Provider ID": 190027,
    "hospitalName": "CHRISTUS ST PATRICK HOSPITAL",
    "Address": "524 DR MICHAEL DEBAKEY STREET",
    "City": "LAKE CHARLES",
    "State": "Louisiana",
    "ZIP Code": 70601,
    "County name": "CALCASIEU",
    "Phone number": 3374362511,
    "procedure": "heart failure",
    "Payment measure ID": "PAYM_30_HF",
    "Payment category": "No Different than the National Average Payment",
    "Denominator": 348,
    "Payment": "$16,281",
    "Lower estimate": "$15,177",
    "Higher estimate": "$17,437",
    "Payment footnote": "",
    "Value of care display name": "Value of Care Heart Failure measur",
    "Value of care display ID": "MORT_PAYM_30_HF",
    "Value of care category": "Average mortality and average payment",
    "Value of care footnote": "",
    "Measure start date": "07/01/2014",
    "Measure end date": "06/30/2017"
  },
  {
    "Provider ID": 190027,
    "hospitalName": "CHRISTUS ST PATRICK HOSPITAL",
    "Address": "524 DR MICHAEL DEBAKEY STREET",
    "City": "LAKE CHARLES",
    "State": "Louisiana",
    "ZIP Code": 70601,
    "County name": "CALCASIEU",
    "Phone number": 3374362511,
    "procedure": "pneumonia",
    "Payment measure ID": "PAYM_30_PN",
    "Payment category": "No Different than the National Average Payment",
    "Denominator": 342,
    "Payment": "$17,929",
    "Lower estimate": "$16,770",
    "Higher estimate": "$19,052",
    "Payment footnote": "",
    "Value of care display name": "Value of Care Pneumonia measure",
    "Value of care display ID": "MORT_PAYM_30_PN",
    "Value of care category": "Average mortality and average payment",
    "Value of care footnote": "",
    "Measure start date": "07/01/2014",
    "Measure end date": "06/30/2017"
  },
  {
    "Provider ID": 190027,
    "hospitalName": "CHRISTUS ST PATRICK HOSPITAL",
    "Address": "524 DR MICHAEL DEBAKEY STREET",
    "City": "LAKE CHARLES",
    "State": "Louisiana",
    "ZIP Code": 70601,
    "County name": "CALCASIEU",
    "Phone number": 3374362511,
    "procedure": "hip or knee replacement",
    "Payment measure ID": "PAYM_90_HIP_KNEE",
    "Payment category": "Less than the National Average Payment",
    "Denominator": 151,
    "Payment": "$20,696",
    "Lower estimate": "$19,610",
    "Higher estimate": "$21,887",
    "Payment footnote": "",
    "Value of care display name": "Value of Care hip or knee replacement",
    "Value of care display ID": "COMP_PAYM_90_HIP_KNEE",
    "Value of care category": "Average complications and lower payment",
    "Value of care footnote": "",
    "Measure start date": "04/01/2014",
    "Measure end date": "03/31/2017"
  },
  {
    "Provider ID": 190034,
    "hospitalName": "ABBEVILLE GENERAL HOSPITAL",
    "Address": "118 N HOSPITAL DR",
    "City": "ABBEVILLE",
    "State": "Louisiana",
    "ZIP Code": 70510,
    "County name": "VERMILION",
    "Phone number": 3378935466,
    "procedure": "kidney transplant",
    "Payment measure ID": "PAYM_30_PN",
    "Payment category": "No Different than the National Average Payment",
    "Denominator": 130,
    "Payment": "$16,666",
    "Lower estimate": "$15,040",
    "Higher estimate": "$18,244",
    "Payment footnote": "",
    "Value of care display name": "Value of Care Pneumonia measure",
    "Value of care display ID": "MORT_PAYM_30_PN",
    "Value of care category": "Average mortality and average payment",
    "Value of care footnote": "",
    "Measure start date": "07/01/2014",
    "Measure end date": "06/30/2017"
  },
  {
    "Provider ID": 200001,
    "hospitalName": "ST JOSEPH HOSPITAL",
    "Address": "360 BROADWAY",
    "City": "BANGOR",
    "State": "Massachusettsine",
    "ZIP Code": "04401",
    "County name": "PENOBSCOT",
    "Phone number": 2072621000,
    "procedure": "heart attack",
    "Payment measure ID": "PAYM_30_AMI",
    "Payment category": "No Different than the National Average Payment",
    "Denominator": 105,
    "Payment": "$21,901",
    "Lower estimate": "$19,701",
    "Higher estimate": "$24,351",
    "Payment footnote": "",
    "Value of care display name": "Value of Care Heart Attack measure",
    "Value of care display ID": "MORT_PAYM_30_AMI",
    "Value of care category": "Average mortality and average payment",
    "Value of care footnote": "",
    "Measure start date": "07/01/2014",
    "Measure end date": "06/30/2017"
  },
  {
    "Provider ID": 200001,
    "hospitalName": "ST JOSEPH HOSPITAL",
    "Address": "360 BROADWAY",
    "City": "BANGOR",
    "State": "Massachusettsine",
    "ZIP Code": "04401",
    "County name": "PENOBSCOT",
    "Phone number": 2072621000,
    "procedure": "heart failure",
    "Payment measure ID": "PAYM_30_HF",
    "Payment category": "Less than the National Average Payment",
    "Denominator": 217,
    "Payment": "$14,601",
    "Lower estimate": "$13,428",
    "Higher estimate": "$15,911",
    "Payment footnote": "",
    "Value of care display name": "Value of Care Heart Failure measur",
    "Value of care display ID": "MORT_PAYM_30_HF",
    "Value of care category": "Average mortality and lower payment",
    "Value of care footnote": "",
    "Measure start date": "07/01/2014",
    "Measure end date": "06/30/2017"
  },
  {
    "Provider ID": 200001,
    "hospitalName": "ST JOSEPH HOSPITAL",
    "Address": "360 BROADWAY",
    "City": "BANGOR",
    "State": "Massachusettsine",
    "ZIP Code": "04401",
    "County name": "PENOBSCOT",
    "Phone number": 2072621000,
    "procedure": "pneumonia",
    "Payment measure ID": "PAYM_30_PN",
    "Payment category": "No Different than the National Average Payment",
    "Denominator": 411,
    "Payment": "$16,496",
    "Lower estimate": "$15,570",
    "Higher estimate": "$17,426",
    "Payment footnote": "",
    "Value of care display name": "Value of Care Pneumonia measure",
    "Value of care display ID": "MORT_PAYM_30_PN",
    "Value of care category": "Average mortality and average payment",
    "Value of care footnote": "",
    "Measure start date": "07/01/2014",
    "Measure end date": "06/30/2017"
  },
  {
    "Provider ID": 200001,
    "hospitalName": "ST JOSEPH HOSPITAL",
    "Address": "360 BROADWAY",
    "City": "BANGOR",
    "State": "Massachusettsine",
    "ZIP Code": "04401",
    "County name": "PENOBSCOT",
    "Phone number": 2072621000,
    "procedure": "hip or knee replacement",
    "Payment measure ID": "PAYM_90_HIP_KNEE",
    "Payment category": "No Different than the National Average Payment",
    "Denominator": 422,
    "Payment": "$21,584",
    "Lower estimate": "$20,853",
    "Higher estimate": "$22,399",
    "Payment footnote": "",
    "Value of care display name": "Value of Care hip or knee replacement",
    "Value of care display ID": "COMP_PAYM_90_HIP_KNEE",
    "Value of care category": "Average complications and average payment",
    "Value of care footnote": "",
    "Measure start date": "04/01/2014",
    "Measure end date": "03/31/2017"
  },
  {
    "Provider ID": 210001,
    "hospitalName": "MERITUS MEDICAL CENTER",
    "Address": "11116 MEDICAL CAMPUS ROAD",
    "City": "HAGERSTOWN",
    "State": "Massachusettsryland",
    "ZIP Code": 21742,
    "County name": "WASHINGTON",
    "Phone number": 2403139500,
    "procedure": "heart attack",
    "Payment measure ID": "PAYM_30_AMI",
    "Payment category": "No Different than the National Average Payment",
    "Denominator": 361,
    "Payment": "$23,554",
    "Lower estimate": "$21,927",
    "Higher estimate": "$25,235",
    "Payment footnote": "",
    "Value of care display name": "Value of Care Heart Attack measure",
    "Value of care display ID": "MORT_PAYM_30_AMI",
    "Value of care category": "Average mortality and average payment",
    "Value of care footnote": "",
    "Measure start date": "07/01/2014",
    "Measure end date": "06/30/2017"
  },
  {
    "Provider ID": 210001,
    "hospitalName": "MERITUS MEDICAL CENTER",
    "Address": "11116 MEDICAL CAMPUS ROAD",
    "City": "HAGERSTOWN",
    "State": "Massachusettsryland",
    "ZIP Code": 21742,
    "County name": "WASHINGTON",
    "Phone number": 2403139500,
    "procedure": "heart failure",
    "Payment measure ID": "PAYM_30_HF",
    "Payment category": "No Different than the National Average Payment",
    "Denominator": 542,
    "Payment": "$16,938",
    "Lower estimate": "$16,025",
    "Higher estimate": "$17,927",
    "Payment footnote": "",
    "Value of care display name": "Value of Care Heart Failure measur",
    "Value of care display ID": "MORT_PAYM_30_HF",
    "Value of care category": "Average mortality and average payment",
    "Value of care footnote": "",
    "Measure start date": "07/01/2014",
    "Measure end date": "06/30/2017"
  },
  {
    "Provider ID": 210001,
    "hospitalName": "MERITUS MEDICAL CENTER",
    "Address": "11116 MEDICAL CAMPUS ROAD",
    "City": "HAGERSTOWN",
    "State": "Massachusettsryland",
    "ZIP Code": 21742,
    "County name": "WASHINGTON",
    "Phone number": 2403139500,
    "procedure": "pneumonia",
    "Payment measure ID": "PAYM_30_PN",
    "Payment category": "No Different than the National Average Payment",
    "Denominator": 1042,
    "Payment": "$17,010",
    "Lower estimate": "$16,390",
    "Higher estimate": "$17,656",
    "Payment footnote": "",
    "Value of care display name": "Value of Care Pneumonia measure",
    "Value of care display ID": "MORT_PAYM_30_PN",
    "Value of care category": "Average mortality and average payment",
    "Value of care footnote": "",
    "Measure start date": "07/01/2014",
    "Measure end date": "06/30/2017"
  },
  {
    "Provider ID": 210001,
    "hospitalName": "MERITUS MEDICAL CENTER",
    "Address": "11116 MEDICAL CAMPUS ROAD",
    "City": "HAGERSTOWN",
    "State": "Massachusettsryland",
    "ZIP Code": 21742,
    "County name": "WASHINGTON",
    "Phone number": 2403139500,
    "procedure": "hip or knee replacement",
    "Payment measure ID": "PAYM_90_HIP_KNEE",
    "Payment category": "Less than the National Average Payment",
    "Denominator": 718,
    "Payment": "$19,906",
    "Lower estimate": "$19,395",
    "Higher estimate": "$20,422",
    "Payment footnote": "",
    "Value of care display name": "Value of Care hip or knee replacement",
    "Value of care display ID": "COMP_PAYM_90_HIP_KNEE",
    "Value of care category": "Average complications and lower payment",
    "Value of care footnote": "",
    "Measure start date": "04/01/2014",
    "Measure end date": "03/31/2017"
  },
  {
    "Provider ID": 220001,
    "hospitalName": "HEALTH ALLIANCE - CLINTON HOSPITAL",
    "Address": "60 HOSPITAL ROAD",
    "City": "LEOMINSTER",
    "State": "Massachusetts",
    "ZIP Code": "01453",
    "County name": "WORCESTER",
    "Phone number": 9784662000,
    "procedure": "heart attack",
    "Payment measure ID": "PAYM_30_AMI",
    "Payment category": "No Different than the National Average Payment",
    "Denominator": 74,
    "Payment": "$23,108",
    "Lower estimate": "$20,570",
    "Higher estimate": "$25,916",
    "Payment footnote": "",
    "Value of care display name": "Value of Care Heart Attack measure",
    "Value of care display ID": "MORT_PAYM_30_AMI",
    "Value of care category": "Average mortality and average payment",
    "Value of care footnote": "",
    "Measure start date": "07/01/2014",
    "Measure end date": "06/30/2017"
  },
  {
    "Provider ID": 220001,
    "hospitalName": "HEALTH ALLIANCE - CLINTON HOSPITAL",
    "Address": "60 HOSPITAL ROAD",
    "City": "LEOMINSTER",
    "State": "Massachusetts",
    "ZIP Code": "01453",
    "County name": "WORCESTER",
    "Phone number": 9784662000,
    "procedure": "heart failure",
    "Payment measure ID": "PAYM_30_HF",
    "Payment category": "No Different than the National Average Payment",
    "Denominator": 218,
    "Payment": "$18,064",
    "Lower estimate": "$16,590",
    "Higher estimate": "$19,707",
    "Payment footnote": "",
    "Value of care display name": "Value of Care Heart Failure measur",
    "Value of care display ID": "MORT_PAYM_30_HF",
    "Value of care category": "Average mortality and average payment",
    "Value of care footnote": "",
    "Measure start date": "07/01/2014",
    "Measure end date": "06/30/2017"
  },
  {
    "Provider ID": 220001,
    "hospitalName": "HEALTH ALLIANCE - CLINTON HOSPITAL",
    "Address": "60 HOSPITAL ROAD",
    "City": "LEOMINSTER",
    "State": "Massachusetts",
    "ZIP Code": "01453",
    "County name": "WORCESTER",
    "Phone number": 9784662000,
    "procedure": "pneumonia",
    "Payment measure ID": "PAYM_30_PN",
    "Payment category": "No Different than the National Average Payment",
    "Denominator": 336,
    "Payment": "$17,764",
    "Lower estimate": "$16,598",
    "Higher estimate": "$18,869",
    "Payment footnote": "",
    "Value of care display name": "Value of Care Pneumonia measure",
    "Value of care display ID": "MORT_PAYM_30_PN",
    "Value of care category": "Average mortality and average payment",
    "Value of care footnote": "",
    "Measure start date": "07/01/2014",
    "Measure end date": "06/30/2017"
  },
  {
    "Provider ID": 220001,
    "hospitalName": "HEALTH ALLIANCE - CLINTON HOSPITAL",
    "Address": "60 HOSPITAL ROAD",
    "City": "LEOMINSTER",
    "State": "Massachusetts",
    "ZIP Code": "01453",
    "County name": "WORCESTER",
    "Phone number": 9784662000,
    "procedure": "hip or knee replacement",
    "Payment measure ID": "PAYM_90_HIP_KNEE",
    "Payment category": "No Different than the National Average Payment",
    "Denominator": 142,
    "Payment": "$22,660",
    "Lower estimate": "$21,408",
    "Higher estimate": "$24,042",
    "Payment footnote": "",
    "Value of care display name": "Value of Care hip or knee replacement",
    "Value of care display ID": "COMP_PAYM_90_HIP_KNEE",
    "Value of care category": "Average complications and average payment",
    "Value of care footnote": "",
    "Measure start date": "04/01/2014",
    "Measure end date": "03/31/2017"
  },
]
